{
    "faces":[43,0,1,2,3,0,0,1,2,3,0,0,0,0,43,4,7,6,5,0,4,5,6,7,1,1,1,1,43,0,4,5,1,0,8,9,10,11,2,2,2,2,43,1,5,6,2,0,12,13,14,15,3,3,3,3,43,2,6,7,3,0,16,17,18,19,4,4,4,4,43,4,0,3,7,0,20,21,22,23,5,5,5,5],
    "metadata":{
        "uvs":1,
        "generator":"io_three",
        "vertices":8,
        "faces":6,
        "type":"Geometry",
        "materials":1,
        "version":3,
        "normals":6
    },
    "materials":[{
        "colorEmissive":[0,0,0],
        "visible":true,
        "mapDiffuseWrap":["repeat","repeat"],
        "DbgColor":15658734,
        "DbgName":"Material",
        "shading":"phong",
        "colorSpecular":[0.5,0.5,0.5],
        "doubleSided":false,
        "DbgIndex":0,
        "colorDiffuse":[0.64,0.64,0.64],
        "blending":1,
        "mapDiffuseRepeat":[1,1],
        "depthTest":true,
        "specularCoef":50,
        "mapDiffuse":"steve.png",
        "opacity":1,
        "wireframe":false,
        "transparent":false,
        "mapDiffuseAnisotropy":1,
        "depthWrite":true
    }],
    "uvs":[[0.750685,0.751232,0.874736,0.751232,0.874736,0.999335,0.750685,0.999335,0.625661,0.75142,0.749713,0.75142,0.749713,0.999523,0.625661,0.999524,0.501161,0.749508,0.501161,0.501405,0.625212,0.501405,0.625212,0.749508,0.875266,0.749476,0.875266,0.501373,0.999318,0.501372,0.999318,0.749476,0.873767,0.501402,0.873767,0.749505,0.749716,0.749505,0.749716,0.501402,0.625423,0.749508,0.625423,0.501405,0.749474,0.501405,0.749474,0.749508]],
    "vertices":[2.3,11.7,-2.3,2.3,11.7,2.3,-2.3,11.7,2.3,-2.3,11.7,-2.3,2.3,16.3,-2.3,2.3,16.3,2.3,-2.3,16.3,2.3,-2.3,16.3,-2.3],
    "normals":[0,-1,0,0,1,0,1,0,0,-0,-0,1,-1,-0,-0,0,0,-1],
    "animations":[]
}